"code.x","code.y","buyer_x","buyer_y","volume_x","volume_y","volume_total","winner.x","winner.y","winner.total","seller.x.reg","seller.y.reg","seller_x","seller_x_name","seller_y","seller_y_name","buyer.x.reg","buyer_x_name","buyer.y.reg","buyer_y_name","seller.x.regname","seller.y.regname","buyer.x.regname","buyer.y.regname","diff_reg","id"
"20956628","36947521",3370,866,33431460,10650529,44081989,3,5,8,17,1,11094,"ТОВАРИСТВО З ОБМЕЖЕНОЮ ВІДПОВІДАЛЬНІСТЮ ""РУМЕД""",49718,"ТОВАРИСТВО З ОБМЕЖЕНОЮ ВІДПОВІДАЛЬНІСТЮ ""ДІАЛСЕРВІС""",15,"Львівська обласна клінічна лікарня",7,"КМУ ""Міська лікарня №1"" м.Краматорська Донецької області","Одеська","Київ","Львівська","Донецька",0,1
"20956628","36947521",3370,1473,33431460,9154452,42585912,3,4,7,17,1,11094,"ТОВАРИСТВО З ОБМЕЖЕНОЮ ВІДПОВІДАЛЬНІСТЮ ""РУМЕД""",49718,"ТОВАРИСТВО З ОБМЕЖЕНОЮ ВІДПОВІДАЛЬНІСТЮ ""ДІАЛСЕРВІС""",15,"Львівська обласна клінічна лікарня",2,"КЗ ""Міська лікарня №5 - ""Центр охорони здоров’я матері і дитини"" м.Севастополя","Одеська","Київ","Львівська","Севастополь",0,2
"20956628","36947521",3370,2136,33431460,41016450,74447910,3,3,6,17,1,11094,"ТОВАРИСТВО З ОБМЕЖЕНОЮ ВІДПОВІДАЛЬНІСТЮ ""РУМЕД""",49718,"ТОВАРИСТВО З ОБМЕЖЕНОЮ ВІДПОВІДАЛЬНІСТЮ ""ДІАЛСЕРВІС""",15,"Львівська обласна клінічна лікарня",27,"КЛПЗ ""Чернігівська обласна лікарня""","Одеська","Київ","Львівська","Чернігівська",0,3
"20956628","36947521",3370,2542,33431460,40911487,74342947,3,3,6,17,1,11094,"ТОВАРИСТВО З ОБМЕЖЕНОЮ ВІДПОВІДАЛЬНІСТЮ ""РУМЕД""",49718,"ТОВАРИСТВО З ОБМЕЖЕНОЮ ВІДПОВІДАЛЬНІСТЮ ""ДІАЛСЕРВІС""",15,"Львівська обласна клінічна лікарня",19,"КЗ ""Рівненська обласна клінічна лікарня"" Рівненської облради","Одеська","Київ","Львівська","Рівненська",0,4
"20956628","36947521",11576,866,50087806,10650529,60738335,3,5,8,17,1,11094,"ТОВАРИСТВО З ОБМЕЖЕНОЮ ВІДПОВІДАЛЬНІСТЮ ""РУМЕД""",49718,"ТОВАРИСТВО З ОБМЕЖЕНОЮ ВІДПОВІДАЛЬНІСТЮ ""ДІАЛСЕРВІС""",11,"Департамент охорони здоров’я Івано-Франківської облдержадміністрації",7,"КМУ ""Міська лікарня №1"" м.Краматорська Донецької області","Одеська","Київ","Івано-Франківська","Донецька",0,5
"20956628","36947521",11576,2136,50087806,41016450,91104256,3,3,6,17,1,11094,"ТОВАРИСТВО З ОБМЕЖЕНОЮ ВІДПОВІДАЛЬНІСТЮ ""РУМЕД""",49718,"ТОВАРИСТВО З ОБМЕЖЕНОЮ ВІДПОВІДАЛЬНІСТЮ ""ДІАЛСЕРВІС""",11,"Департамент охорони здоров’я Івано-Франківської облдержадміністрації",27,"КЛПЗ ""Чернігівська обласна лікарня""","Одеська","Київ","Івано-Франківська","Чернігівська",0,6
"20956628","36947521",11576,2542,50087806,40911487,90999293,3,3,6,17,1,11094,"ТОВАРИСТВО З ОБМЕЖЕНОЮ ВІДПОВІДАЛЬНІСТЮ ""РУМЕД""",49718,"ТОВАРИСТВО З ОБМЕЖЕНОЮ ВІДПОВІДАЛЬНІСТЮ ""ДІАЛСЕРВІС""",11,"Департамент охорони здоров’я Івано-Франківської облдержадміністрації",19,"КЗ ""Рівненська обласна клінічна лікарня"" Рівненської облради","Одеська","Київ","Івано-Франківська","Рівненська",0,7
"20956628","36947521",3370,112167,33431460,14787381,48218841,3,6,9,17,1,11094,"ТОВАРИСТВО З ОБМЕЖЕНОЮ ВІДПОВІДАЛЬНІСТЮ ""РУМЕД""",49718,"ТОВАРИСТВО З ОБМЕЖЕНОЮ ВІДПОВІДАЛЬНІСТЮ ""ДІАЛСЕРВІС""",15,"Львівська обласна клінічна лікарня",3,"Кримська республіканська установа ""Клінічне територіальне медичне об’єднання ""Університетська клініка""","Одеська","Київ","Львівська","Крим",0,8
"20956628","36947521",11576,112167,50087806,14787381,64875187,3,6,9,17,1,11094,"ТОВАРИСТВО З ОБМЕЖЕНОЮ ВІДПОВІДАЛЬНІСТЮ ""РУМЕД""",49718,"ТОВАРИСТВО З ОБМЕЖЕНОЮ ВІДПОВІДАЛЬНІСТЮ ""ДІАЛСЕРВІС""",11,"Департамент охорони здоров’я Івано-Франківської облдержадміністрації",3,"Кримська республіканська установа ""Клінічне територіальне медичне об’єднання ""Університетська клініка""","Одеська","Київ","Івано-Франківська","Крим",0,9
"01975442","01976625",219,1011,8609005,5541996,14151001,6,4,10,14,7,2009,"КОМУНАЛЬНЕ ПІДПРИЄМСТВО ""ЛУГАНСЬКА ОБЛАСНА ""ФАРМАЦІЯ""",2024,"""ДОНЕЦЬКЕ КОМУНАЛЬНЕ ПІДПРИЄМСТВО ""ФАРМАЦІЯ""",14,"Луганська обласна дитяча клінічна лікарня",7,"Комунальна лікувально-профілактична установа ""Донецьке обласне клінічне територіальне медичне об’єднання""","Луганська","Донецька","Луганська","Донецька",1,10
"01975442","01976625",663,1011,6308277,5541996,11850273,8,4,12,14,7,2009,"КОМУНАЛЬНЕ ПІДПРИЄМСТВО ""ЛУГАНСЬКА ОБЛАСНА ""ФАРМАЦІЯ""",2024,"""ДОНЕЦЬКЕ КОМУНАЛЬНЕ ПІДПРИЄМСТВО ""ФАРМАЦІЯ""",14,"КЗ ""Луганський обласний госпіталь ветеранів війни імені маршала А.І. Єременка""",7,"Комунальна лікувально-профілактична установа ""Донецьке обласне клінічне територіальне медичне об’єднання""","Луганська","Донецька","Луганська","Донецька",1,11
"01975442","01976625",1148,1011,1840368,5541996,7382364,3,4,7,14,7,2009,"КОМУНАЛЬНЕ ПІДПРИЄМСТВО ""ЛУГАНСЬКА ОБЛАСНА ""ФАРМАЦІЯ""",2024,"""ДОНЕЦЬКЕ КОМУНАЛЬНЕ ПІДПРИЄМСТВО ""ФАРМАЦІЯ""",14,"Управління охорони здоров’я Лисичанської міськради Луганської області",7,"Комунальна лікувально-профілактична установа ""Донецьке обласне клінічне територіальне медичне об’єднання""","Луганська","Донецька","Луганська","Донецька",1,12
"01975442","01976625",219,1213,8609005,2466811,11075816,6,6,12,14,7,2009,"КОМУНАЛЬНЕ ПІДПРИЄМСТВО ""ЛУГАНСЬКА ОБЛАСНА ""ФАРМАЦІЯ""",2024,"""ДОНЕЦЬКЕ КОМУНАЛЬНЕ ПІДПРИЄМСТВО ""ФАРМАЦІЯ""",14,"Луганська обласна дитяча клінічна лікарня",7,"Комунальний клінічний лікувально-профілактичний заклад ""Донецький обласний протипухлинний центр""","Луганська","Донецька","Луганська","Донецька",1,13
"01975442","01976625",663,1213,6308277,2466811,8775088,8,6,14,14,7,2009,"КОМУНАЛЬНЕ ПІДПРИЄМСТВО ""ЛУГАНСЬКА ОБЛАСНА ""ФАРМАЦІЯ""",2024,"""ДОНЕЦЬКЕ КОМУНАЛЬНЕ ПІДПРИЄМСТВО ""ФАРМАЦІЯ""",14,"КЗ ""Луганський обласний госпіталь ветеранів війни імені маршала А.І. Єременка""",7,"Комунальний клінічний лікувально-профілактичний заклад ""Донецький обласний протипухлинний центр""","Луганська","Донецька","Луганська","Донецька",1,14
"01975442","01976625",1148,1213,1840368,2466811,4307179,3,6,9,14,7,2009,"КОМУНАЛЬНЕ ПІДПРИЄМСТВО ""ЛУГАНСЬКА ОБЛАСНА ""ФАРМАЦІЯ""",2024,"""ДОНЕЦЬКЕ КОМУНАЛЬНЕ ПІДПРИЄМСТВО ""ФАРМАЦІЯ""",14,"Управління охорони здоров’я Лисичанської міськради Луганської області",7,"Комунальний клінічний лікувально-профілактичний заклад ""Донецький обласний протипухлинний центр""","Луганська","Донецька","Луганська","Донецька",1,15
"01975442","01976625",2702,1011,4433378,5541996,9975374,6,4,10,14,7,2009,"КОМУНАЛЬНЕ ПІДПРИЄМСТВО ""ЛУГАНСЬКА ОБЛАСНА ""ФАРМАЦІЯ""",2024,"""ДОНЕЦЬКЕ КОМУНАЛЬНЕ ПІДПРИЄМСТВО ""ФАРМАЦІЯ""",14,"Луганська обласна клінічна лікарня",7,"Комунальна лікувально-профілактична установа ""Донецьке обласне клінічне територіальне медичне об’єднання""","Луганська","Донецька","Луганська","Донецька",1,16
"01975442","01976625",2702,1213,4433378,2466811,6900189,6,6,12,14,7,2009,"КОМУНАЛЬНЕ ПІДПРИЄМСТВО ""ЛУГАНСЬКА ОБЛАСНА ""ФАРМАЦІЯ""",2024,"""ДОНЕЦЬКЕ КОМУНАЛЬНЕ ПІДПРИЄМСТВО ""ФАРМАЦІЯ""",14,"Луганська обласна клінічна лікарня",7,"Комунальний клінічний лікувально-профілактичний заклад ""Донецький обласний протипухлинний центр""","Луганська","Донецька","Луганська","Донецька",1,17
"01975442","01976625",3868,1011,2836207,5541996,8378203,6,4,10,14,7,2009,"КОМУНАЛЬНЕ ПІДПРИЄМСТВО ""ЛУГАНСЬКА ОБЛАСНА ""ФАРМАЦІЯ""",2024,"""ДОНЕЦЬКЕ КОМУНАЛЬНЕ ПІДПРИЄМСТВО ""ФАРМАЦІЯ""",14,"Управління охорони здоров’я Свердловської міськради Луганської області",7,"Комунальна лікувально-профілактична установа ""Донецьке обласне клінічне територіальне медичне об’єднання""","Луганська","Донецька","Луганська","Донецька",1,18
"01975442","01976625",3868,1213,2836207,2466811,5303018,6,6,12,14,7,2009,"КОМУНАЛЬНЕ ПІДПРИЄМСТВО ""ЛУГАНСЬКА ОБЛАСНА ""ФАРМАЦІЯ""",2024,"""ДОНЕЦЬКЕ КОМУНАЛЬНЕ ПІДПРИЄМСТВО ""ФАРМАЦІЯ""",14,"Управління охорони здоров’я Свердловської міськради Луганської області",7,"Комунальний клінічний лікувально-профілактичний заклад ""Донецький обласний протипухлинний центр""","Луганська","Донецька","Луганська","Донецька",1,19
"01975442","01976625",4033,1213,778078,2466811,3244889,3,6,9,14,7,2009,"КОМУНАЛЬНЕ ПІДПРИЄМСТВО ""ЛУГАНСЬКА ОБЛАСНА ""ФАРМАЦІЯ""",2024,"""ДОНЕЦЬКЕ КОМУНАЛЬНЕ ПІДПРИЄМСТВО ""ФАРМАЦІЯ""",14,"Луганська обласна лікарня №2",7,"Комунальний клінічний лікувально-профілактичний заклад ""Донецький обласний протипухлинний центр""","Луганська","Донецька","Луганська","Донецька",1,20
"01975442","01976625",4502,1213,960973,2466811,3427784,4,6,10,14,7,2009,"КОМУНАЛЬНЕ ПІДПРИЄМСТВО ""ЛУГАНСЬКА ОБЛАСНА ""ФАРМАЦІЯ""",2024,"""ДОНЕЦЬКЕ КОМУНАЛЬНЕ ПІДПРИЄМСТВО ""ФАРМАЦІЯ""",14,"Луганський обласний кардіологічний диспансер",7,"Комунальний клінічний лікувально-профілактичний заклад ""Донецький обласний протипухлинний центр""","Луганська","Донецька","Луганська","Донецька",1,21
"01975442","01976625",4653,1011,1203982,5541996,6745978,3,4,7,14,7,2009,"КОМУНАЛЬНЕ ПІДПРИЄМСТВО ""ЛУГАНСЬКА ОБЛАСНА ""ФАРМАЦІЯ""",2024,"""ДОНЕЦЬКЕ КОМУНАЛЬНЕ ПІДПРИЄМСТВО ""ФАРМАЦІЯ""",14,"Брянківське територіальне медичне об’єднання Луганської області",7,"Комунальна лікувально-профілактична установа ""Донецьке обласне клінічне територіальне медичне об’єднання""","Луганська","Донецька","Луганська","Донецька",1,22
"01975442","01976625",4653,1213,1203982,2466811,3670793,3,6,9,14,7,2009,"КОМУНАЛЬНЕ ПІДПРИЄМСТВО ""ЛУГАНСЬКА ОБЛАСНА ""ФАРМАЦІЯ""",2024,"""ДОНЕЦЬКЕ КОМУНАЛЬНЕ ПІДПРИЄМСТВО ""ФАРМАЦІЯ""",14,"Брянківське територіальне медичне об’єднання Луганської області",7,"Комунальний клінічний лікувально-профілактичний заклад ""Донецький обласний протипухлинний центр""","Луганська","Донецька","Луганська","Донецька",1,23
"01975442","01976625",4033,5437,778078,362460,1140538,3,4,7,14,7,2009,"КОМУНАЛЬНЕ ПІДПРИЄМСТВО ""ЛУГАНСЬКА ОБЛАСНА ""ФАРМАЦІЯ""",2024,"""ДОНЕЦЬКЕ КОМУНАЛЬНЕ ПІДПРИЄМСТВО ""ФАРМАЦІЯ""",14,"Луганська обласна лікарня №2",7,"ЦЕНТРАЛЬНА МІСЬКА ЛІКАРНЯ м.ДЗЕРЖИНСЬКА ДОНЕЦЬКОЇ ОБЛАСТІ","Луганська","Донецька","Луганська","Донецька",1,24
"01975442","01976625",4502,5437,960973,362460,1323433,4,4,8,14,7,2009,"КОМУНАЛЬНЕ ПІДПРИЄМСТВО ""ЛУГАНСЬКА ОБЛАСНА ""ФАРМАЦІЯ""",2024,"""ДОНЕЦЬКЕ КОМУНАЛЬНЕ ПІДПРИЄМСТВО ""ФАРМАЦІЯ""",14,"Луганський обласний кардіологічний диспансер",7,"ЦЕНТРАЛЬНА МІСЬКА ЛІКАРНЯ м.ДЗЕРЖИНСЬКА ДОНЕЦЬКОЇ ОБЛАСТІ","Луганська","Донецька","Луганська","Донецька",1,25
"01975442","01976625",4653,5437,1203982,362460,1566442,3,4,7,14,7,2009,"КОМУНАЛЬНЕ ПІДПРИЄМСТВО ""ЛУГАНСЬКА ОБЛАСНА ""ФАРМАЦІЯ""",2024,"""ДОНЕЦЬКЕ КОМУНАЛЬНЕ ПІДПРИЄМСТВО ""ФАРМАЦІЯ""",14,"Брянківське територіальне медичне об’єднання Луганської області",7,"ЦЕНТРАЛЬНА МІСЬКА ЛІКАРНЯ м.ДЗЕРЖИНСЬКА ДОНЕЦЬКОЇ ОБЛАСТІ","Луганська","Донецька","Луганська","Донецька",1,26
"01975442","01976625",8251,1011,1592001,5541996,7133997,3,4,7,14,7,2009,"КОМУНАЛЬНЕ ПІДПРИЄМСТВО ""ЛУГАНСЬКА ОБЛАСНА ""ФАРМАЦІЯ""",2024,"""ДОНЕЦЬКЕ КОМУНАЛЬНЕ ПІДПРИЄМСТВО ""ФАРМАЦІЯ""",14,"Бірюківська обласна психіатрична лікарня Луганської області",7,"Комунальна лікувально-профілактична установа ""Донецьке обласне клінічне територіальне медичне об’єднання""","Луганська","Донецька","Луганська","Донецька",1,27
"01975442","01976625",8251,1213,1592001,2466811,4058812,3,6,9,14,7,2009,"КОМУНАЛЬНЕ ПІДПРИЄМСТВО ""ЛУГАНСЬКА ОБЛАСНА ""ФАРМАЦІЯ""",2024,"""ДОНЕЦЬКЕ КОМУНАЛЬНЕ ПІДПРИЄМСТВО ""ФАРМАЦІЯ""",14,"Бірюківська обласна психіатрична лікарня Луганської області",7,"Комунальний клінічний лікувально-профілактичний заклад ""Донецький обласний протипухлинний центр""","Луганська","Донецька","Луганська","Донецька",1,28
"01975442","01976625",8251,5437,1592001,362460,1954461,3,4,7,14,7,2009,"КОМУНАЛЬНЕ ПІДПРИЄМСТВО ""ЛУГАНСЬКА ОБЛАСНА ""ФАРМАЦІЯ""",2024,"""ДОНЕЦЬКЕ КОМУНАЛЬНЕ ПІДПРИЄМСТВО ""ФАРМАЦІЯ""",14,"Бірюківська обласна психіатрична лікарня Луганської області",7,"ЦЕНТРАЛЬНА МІСЬКА ЛІКАРНЯ м.ДЗЕРЖИНСЬКА ДОНЕЦЬКОЇ ОБЛАСТІ","Луганська","Донецька","Луганська","Донецька",1,29
"01975442","01976625",50410,5437,200482,362460,562942,3,4,7,14,7,2009,"КОМУНАЛЬНЕ ПІДПРИЄМСТВО ""ЛУГАНСЬКА ОБЛАСНА ""ФАРМАЦІЯ""",2024,"""ДОНЕЦЬКЕ КОМУНАЛЬНЕ ПІДПРИЄМСТВО ""ФАРМАЦІЯ""",14,"Управління охорони здоров'я Ровеньківської міськради Луганської області",7,"ЦЕНТРАЛЬНА МІСЬКА ЛІКАРНЯ м.ДЗЕРЖИНСЬКА ДОНЕЦЬКОЇ ОБЛАСТІ","Луганська","Донецька","Луганська","Донецька",1,30
"01975442","01976625",81825,1213,752234,2466811,3219045,5,6,11,14,7,2009,"КОМУНАЛЬНЕ ПІДПРИЄМСТВО ""ЛУГАНСЬКА ОБЛАСНА ""ФАРМАЦІЯ""",2024,"""ДОНЕЦЬКЕ КОМУНАЛЬНЕ ПІДПРИЄМСТВО ""ФАРМАЦІЯ""",14,"1-а міська лікарня м.Стаханова Луганської області",7,"Комунальний клінічний лікувально-профілактичний заклад ""Донецький обласний протипухлинний центр""","Луганська","Донецька","Луганська","Донецька",1,31
"01975442","01976625",81825,5437,752234,362460,1114694,5,4,9,14,7,2009,"КОМУНАЛЬНЕ ПІДПРИЄМСТВО ""ЛУГАНСЬКА ОБЛАСНА ""ФАРМАЦІЯ""",2024,"""ДОНЕЦЬКЕ КОМУНАЛЬНЕ ПІДПРИЄМСТВО ""ФАРМАЦІЯ""",14,"1-а міська лікарня м.Стаханова Луганської області",7,"ЦЕНТРАЛЬНА МІСЬКА ЛІКАРНЯ м.ДЗЕРЖИНСЬКА ДОНЕЦЬКОЇ ОБЛАСТІ","Луганська","Донецька","Луганська","Донецька",1,32
"23717551","30757072",551,701,8104274,2532600,10636874,12,6,18,1,1,16496,"ПРИВАТНЕ ПІДПРИЄМСТВО ""НІКА-1""",28006,"ПРИВАТНЕ ПІДПРИЄМСТВО ""ТОРГПРОДСЕРВІС""",1,"Управління освіти Оболонської районної в місті Києві державної адміністрації",1,"Комунальний заклад Київської облради ""Київська обласна клінічна лікарня""","Київ","Київ","Київ","Київ",0,33
"23717551","30757072",551,1122,8104274,1938820,10043094,12,4,16,1,1,16496,"ПРИВАТНЕ ПІДПРИЄМСТВО ""НІКА-1""",28006,"ПРИВАТНЕ ПІДПРИЄМСТВО ""ТОРГПРОДСЕРВІС""",1,"Управління освіти Оболонської районної в місті Києві державної адміністрації",1,"Олександрівська клінічна лікарня м. Києва","Київ","Київ","Київ","Київ",0,34
"23717551","30757072",551,1708,8104274,2525867,10630141,12,5,17,1,1,16496,"ПРИВАТНЕ ПІДПРИЄМСТВО ""НІКА-1""",28006,"ПРИВАТНЕ ПІДПРИЄМСТВО ""ТОРГПРОДСЕРВІС""",1,"Управління освіти Оболонської районної в місті Києві державної адміністрації",12,"Національний університет Державної податкової служби України","Київ","Київ","Київ","Київська",0,35
"23717551","30757072",1741,701,2703843,2532600,5236443,5,6,11,1,1,16496,"ПРИВАТНЕ ПІДПРИЄМСТВО ""НІКА-1""",28006,"ПРИВАТНЕ ПІДПРИЄМСТВО ""ТОРГПРОДСЕРВІС""",1,"Управління освіти Деснянської районної в  місті Києві державної адміністрації",1,"Комунальний заклад Київської облради ""Київська обласна клінічна лікарня""","Київ","Київ","Київ","Київ",0,36
"23717551","30757072",1741,1122,2703843,1938820,4642663,5,4,9,1,1,16496,"ПРИВАТНЕ ПІДПРИЄМСТВО ""НІКА-1""",28006,"ПРИВАТНЕ ПІДПРИЄМСТВО ""ТОРГПРОДСЕРВІС""",1,"Управління освіти Деснянської районної в  місті Києві державної адміністрації",1,"Олександрівська клінічна лікарня м. Києва","Київ","Київ","Київ","Київ",0,37
"23717551","30757072",1741,1708,2703843,2525867,5229710,5,5,10,1,1,16496,"ПРИВАТНЕ ПІДПРИЄМСТВО ""НІКА-1""",28006,"ПРИВАТНЕ ПІДПРИЄМСТВО ""ТОРГПРОДСЕРВІС""",1,"Управління освіти Деснянської районної в  місті Києві державної адміністрації",12,"Національний університет Державної податкової служби України","Київ","Київ","Київ","Київська",0,38
"23717551","30757072",1741,5815,2703843,1442301,4146144,5,5,10,1,1,16496,"ПРИВАТНЕ ПІДПРИЄМСТВО ""НІКА-1""",28006,"ПРИВАТНЕ ПІДПРИЄМСТВО ""ТОРГПРОДСЕРВІС""",1,"Управління освіти Деснянської районної в  місті Києві державної адміністрації",1,"Спеціалізований клінічний санаторій ""Перемога""","Київ","Київ","Київ","Київ",0,39
"14274480","37202693",1498,2542,11748309,6703651,18451960,3,3,6,1,1,6816,"ТОВАРИСТВО З ОБМЕЖЕНОЮ ВІДПОВІДАЛЬНІСТЮ ""БАКМЕД""",50734,"ТОВАРИСТВО З ОБМЕЖЕНОЮ ВІДПОВІДАЛЬНІСТЮ ""ЛІНК-МЕДИТАЛ""",1,"Департамент охорони здоров’я виконавчого органу Київської міськдержадміністрації",19,"КЗ ""Рівненська обласна клінічна лікарня"" Рівненської облради","Київ","Київ","Київ","Рівненська",0,40
"14274480","37202693",2136,2542,6768151,6703651,13471802,4,3,7,1,1,6816,"ТОВАРИСТВО З ОБМЕЖЕНОЮ ВІДПОВІДАЛЬНІСТЮ ""БАКМЕД""",50734,"ТОВАРИСТВО З ОБМЕЖЕНОЮ ВІДПОВІДАЛЬНІСТЮ ""ЛІНК-МЕДИТАЛ""",27,"КЛПЗ ""Чернігівська обласна лікарня""",19,"КЗ ""Рівненська обласна клінічна лікарня"" Рівненської облради","Київ","Київ","Чернігівська","Рівненська",0,41
"14274480","37202693",3370,2542,22358882,6703651,29062533,3,3,6,1,1,6816,"ТОВАРИСТВО З ОБМЕЖЕНОЮ ВІДПОВІДАЛЬНІСТЮ ""БАКМЕД""",50734,"ТОВАРИСТВО З ОБМЕЖЕНОЮ ВІДПОВІДАЛЬНІСТЮ ""ЛІНК-МЕДИТАЛ""",15,"Львівська обласна клінічна лікарня",19,"КЗ ""Рівненська обласна клінічна лікарня"" Рівненської облради","Київ","Київ","Львівська","Рівненська",0,42
"14274480","37202693",112167,2542,13373350,6703651,20077001,5,3,8,1,1,6816,"ТОВАРИСТВО З ОБМЕЖЕНОЮ ВІДПОВІДАЛЬНІСТЮ ""БАКМЕД""",50734,"ТОВАРИСТВО З ОБМЕЖЕНОЮ ВІДПОВІДАЛЬНІСТЮ ""ЛІНК-МЕДИТАЛ""",3,"Кримська республіканська установа ""Клінічне територіальне медичне об’єднання ""Університетська клініка""",19,"КЗ ""Рівненська обласна клінічна лікарня"" Рівненської облради","Київ","Київ","Крим","Рівненська",0,43
"25326688","35636927",1213,5262,354975,999986,1354961,3,3,6,7,7,20205,"ТОВАРИСТВО З ОБМЕЖЕНОЮ ВІДПОВІДАЛЬНІСТЮ ""УКРПРОДУКТ""",45171,"ТОВАРИСТВО З ОБМЕЖЕНОЮ ВІДПОВІДАЛЬНІСТЮ ""ПРОДИНФО""",7,"Комунальний клінічний лікувально-профілактичний заклад ""Донецький обласний протипухлинний центр""",7,"Торезький психоневрологічний інтернат з дитячим відділенням Департаменту соціального захисту населення Донецької обласної державної адміністрації ","Донецька","Донецька","Донецька","Донецька",0,44
"25326688","35636927",3823,5262,2256850,999986,3256836,7,3,10,7,7,20205,"ТОВАРИСТВО З ОБМЕЖЕНОЮ ВІДПОВІДАЛЬНІСТЮ ""УКРПРОДУКТ""",45171,"ТОВАРИСТВО З ОБМЕЖЕНОЮ ВІДПОВІДАЛЬНІСТЮ ""ПРОДИНФО""",7,"Кіровський психоневрологічний інтернат",7,"Торезький психоневрологічний інтернат з дитячим відділенням Департаменту соціального захисту населення Донецької обласної державної адміністрації ","Донецька","Донецька","Донецька","Донецька",0,45
"25326688","35636927",9490,5262,1477848,999986,2477834,4,3,7,7,7,20205,"ТОВАРИСТВО З ОБМЕЖЕНОЮ ВІДПОВІДАЛЬНІСТЮ ""УКРПРОДУКТ""",45171,"ТОВАРИСТВО З ОБМЕЖЕНОЮ ВІДПОВІДАЛЬНІСТЮ ""ПРОДИНФО""",7,"Міський відділ освіти Кіровської міськради Донецької області",7,"Торезький психоневрологічний інтернат з дитячим відділенням Департаменту соціального захисту населення Донецької обласної державної адміністрації ","Донецька","Донецька","Донецька","Донецька",0,46
"25326688","35636927",10189,5262,1527006,999986,2526992,7,3,10,7,7,20205,"ТОВАРИСТВО З ОБМЕЖЕНОЮ ВІДПОВІДАЛЬНІСТЮ ""УКРПРОДУКТ""",45171,"ТОВАРИСТВО З ОБМЕЖЕНОЮ ВІДПОВІДАЛЬНІСТЮ ""ПРОДИНФО""",7,"Донецький будинок-інтернат для громадян похилого віку та інвалідів",7,"Торезький психоневрологічний інтернат з дитячим відділенням Департаменту соціального захисту населення Донецької обласної державної адміністрації ","Донецька","Донецька","Донецька","Донецька",0,47
"25326688","35636927",10238,5262,1095023,999986,2095009,4,3,7,7,7,20205,"ТОВАРИСТВО З ОБМЕЖЕНОЮ ВІДПОВІДАЛЬНІСТЮ ""УКРПРОДУКТ""",45171,"ТОВАРИСТВО З ОБМЕЖЕНОЮ ВІДПОВІДАЛЬНІСТЮ ""ПРОДИНФО""",7,"Комунальна установа Міський комплекс ""Ветеран"" м.Донецька",7,"Торезький психоневрологічний інтернат з дитячим відділенням Департаменту соціального захисту населення Донецької обласної державної адміністрації ","Донецька","Донецька","Донецька","Донецька",0,48
"03579443","13333602",345,264,13302035,37844832,51146867,4,3,7,4,4,3661,"ТОВАРИСТВО З ОБМЕЖЕНОЮ ВІДПОВІДАЛЬНІСТЮ ""ШЛЯХБУД""",5597,"ТОВАРИСТВО З ОБМЕЖЕНОЮ ВІДПОВІДАЛЬНІСТЮ ""ШЛЯХБУДМАТЕРІАЛИ""",4,"Департамент комунального господарства та благоустрою Вінницької міськради",4,"Департамент капітального будівництва Вінницької міськради","Вінницька","Вінницька","Вінницька","Вінницька",0,49
"14328945","36342297",715,217,6292968,1978486,8271454,3,3,6,17,1,7044,"СПІЛЬНЕ УКРАЇНСЬКО-НІМЕЦЬКЕ ПІДПРИЄМСТВО В ФОРМІ ТОВАРИСТВА З ОБМЕЖЕНОЮ ВІДПОВІДАЛЬНІСТЮ "" ТТВ-ДОМ"" ЛТД",47652,"ТОВАРИСТВО З ОБМЕЖЕНОЮ ВІДПОВІДАЛЬНІСТЮ ""РЕНАРТ""",17,"КУ ""Одеська обласна клінічна лікарня""",10,"Комунальна установа ""Запорізька обласна клінічна лікарня"" Запорізької облради","Одеська","Київ","Одеська","Запорізька",0,50
"14328945","36342297",715,378,6292968,2904544,9197512,3,5,8,17,1,7044,"СПІЛЬНЕ УКРАЇНСЬКО-НІМЕЦЬКЕ ПІДПРИЄМСТВО В ФОРМІ ТОВАРИСТВА З ОБМЕЖЕНОЮ ВІДПОВІДАЛЬНІСТЮ "" ТТВ-ДОМ"" ЛТД",47652,"ТОВАРИСТВО З ОБМЕЖЕНОЮ ВІДПОВІДАЛЬНІСТЮ ""РЕНАРТ""",17,"КУ ""Одеська обласна клінічна лікарня""",6,"КЗ ""Дніпропетровська обласна клінічна лікарня ім.І.І. Мечникова""","Одеська","Київ","Одеська","Дніпропетровська",0,51
"14328945","36342297",715,534,6292968,7240645,13533613,3,4,7,17,1,7044,"СПІЛЬНЕ УКРАЇНСЬКО-НІМЕЦЬКЕ ПІДПРИЄМСТВО В ФОРМІ ТОВАРИСТВА З ОБМЕЖЕНОЮ ВІДПОВІДАЛЬНІСТЮ "" ТТВ-ДОМ"" ЛТД",47652,"ТОВАРИСТВО З ОБМЕЖЕНОЮ ВІДПОВІДАЛЬНІСТЮ ""РЕНАРТ""",17,"КУ ""Одеська обласна клінічна лікарня""",20,"Комунальний заклад Сумської облради ""Сумська обласна клінічна лікарня""","Одеська","Київ","Одеська","Сумська",0,52
"14328945","36342297",1723,2908,49205653,32197021,81402674,10,9,19,17,1,7044,"СПІЛЬНЕ УКРАЇНСЬКО-НІМЕЦЬКЕ ПІДПРИЄМСТВО В ФОРМІ ТОВАРИСТВА З ОБМЕЖЕНОЮ ВІДПОВІДАЛЬНІСТЮ "" ТТВ-ДОМ"" ЛТД",47652,"ТОВАРИСТВО З ОБМЕЖЕНОЮ ВІДПОВІДАЛЬНІСТЮ ""РЕНАРТ""",17,"Департамент охорони здоров’я Одеської міськради",1,"Департамент охорони здоров’я Київської облдержадміністрації","Одеська","Київ","Одеська","Київ",1,53
"14328945","36342297",1723,5105,49205653,132988418,182194071,10,9,19,17,1,7044,"СПІЛЬНЕ УКРАЇНСЬКО-НІМЕЦЬКЕ ПІДПРИЄМСТВО В ФОРМІ ТОВАРИСТВА З ОБМЕЖЕНОЮ ВІДПОВІДАЛЬНІСТЮ "" ТТВ-ДОМ"" ЛТД",47652,"ТОВАРИСТВО З ОБМЕЖЕНОЮ ВІДПОВІДАЛЬНІСТЮ ""РЕНАРТ""",17,"Департамент охорони здоров’я Одеської міськради",22,"КЗОЗ ""Обласний клінічний центр урології і нефрології ім.В.І. Шаповала"" Харківської області","Одеська","Київ","Одеська","Харківська",0,54
"14328945","36342297",1723,6771,49205653,43711703,92917356,10,5,15,17,1,7044,"СПІЛЬНЕ УКРАЇНСЬКО-НІМЕЦЬКЕ ПІДПРИЄМСТВО В ФОРМІ ТОВАРИСТВА З ОБМЕЖЕНОЮ ВІДПОВІДАЛЬНІСТЮ "" ТТВ-ДОМ"" ЛТД",47652,"ТОВАРИСТВО З ОБМЕЖЕНОЮ ВІДПОВІДАЛЬНІСТЮ ""РЕНАРТ""",17,"Департамент охорони здоров’я Одеської міськради",13,"Кіровоградська обласна лікарня","Одеська","Київ","Одеська","Кіровоградська",0,55
"14328945","36342297",715,225770,6292968,14415238,20708206,3,7,10,17,1,7044,"СПІЛЬНЕ УКРАЇНСЬКО-НІМЕЦЬКЕ ПІДПРИЄМСТВО В ФОРМІ ТОВАРИСТВА З ОБМЕЖЕНОЮ ВІДПОВІДАЛЬНІСТЮ "" ТТВ-ДОМ"" ЛТД",47652,"ТОВАРИСТВО З ОБМЕЖЕНОЮ ВІДПОВІДАЛЬНІСТЮ ""РЕНАРТ""",17,"КУ ""Одеська обласна клінічна лікарня""",26,"Департамент охорони здоров’я та цивільного захисту населення Чернівецької облдержадміністрації ","Одеська","Київ","Одеська","Чернівецька",0,56
"14328945","36342297",1723,225770,49205653,14415238,63620891,10,7,17,17,1,7044,"СПІЛЬНЕ УКРАЇНСЬКО-НІМЕЦЬКЕ ПІДПРИЄМСТВО В ФОРМІ ТОВАРИСТВА З ОБМЕЖЕНОЮ ВІДПОВІДАЛЬНІСТЮ "" ТТВ-ДОМ"" ЛТД",47652,"ТОВАРИСТВО З ОБМЕЖЕНОЮ ВІДПОВІДАЛЬНІСТЮ ""РЕНАРТ""",17,"Департамент охорони здоров’я Одеської міськради",26,"Департамент охорони здоров’я та цивільного захисту населення Чернівецької облдержадміністрації ","Одеська","Київ","Одеська","Чернівецька",0,57
"31570627","32670703",416,27922,2209863,7434000,9643863,3,4,7,1,1,30969,"ТОВАРИСТВО З ОБМЕЖЕНОЮ ВІДПОВІДАЛЬНІСТЮ ""ТОРГОВИЙ ДІМ ""КАМАЗ""",35442,"ТОВАРИСТВО З ОБМЕЖЕНОЮ ВІДПОВІДАЛЬНІСТЮ ""ТОРГОВИЙ ДІМ ""БУДШЛЯХМАШ""",6,"ДП ""Придніпровська залізниця""",21,"ДП ""Тернопільський облавтодор"" ВАТ ""ДАК ""Автомобільні дороги України""","Київ","Київ","Дніпропетровська","Тернопільська",0,58
"00377785","33394612",10431,49,1511700,1691110,3202810,3,3,6,8,8,752,"ПУБЛІЧНЕ АКЦІОНЕРНЕ ТОВАРИСТВО ""НОВОГРАД-ВОЛИНСЬКИЙ ХЛІБОЗАВОД""",38248,"ЗАКРИТЕ АКЦІОНЕРНЕ ТОВАРИСТВО ""БЕРДИЧІВСЬКИЙ ХЛІБОЗАВОД""",5,"Управління освіти і науки Новоград-Волинської міськради Житомирської області",8,"Управління освіти і науки виконавчого комітету Бердичівської міської ради","Житомирська","Житомирська","Волинська","Житомирська",0,59
"01976358","01976387",378,63198,6113132,1399861,7512993,4,9,13,6,6,2022,"ОБЛАСНЕ КОМУНАЛЬНЕ ПІДПРИЄМСТВО ""ФАРМАЦІЯ""",2023,"КОМУНАЛЬНЕ ПІДПРИЄМСТВО ""ФАРМАЦІЯ""",6,"КЗ ""Дніпропетровська обласна клінічна лікарня ім.І.І. Мечникова""",6,"КЗ ""Криворізька міська клінічна лікарня №8""  Дніпропетровської облради","Дніпропетровська","Дніпропетровська","Дніпропетровська","Дніпропетровська",0,60
"01976358","01976387",378,131988,6113132,1747660,7860792,4,5,9,6,6,2022,"ОБЛАСНЕ КОМУНАЛЬНЕ ПІДПРИЄМСТВО ""ФАРМАЦІЯ""",2023,"КОМУНАЛЬНЕ ПІДПРИЄМСТВО ""ФАРМАЦІЯ""",6,"КЗ ""Дніпропетровська обласна клінічна лікарня ім.І.І. Мечникова""",6,"КУ ""Центр первинної медико-санітарної допомоги №5"" Криворізької міськради Дніпропетровської області","Дніпропетровська","Дніпропетровська","Дніпропетровська","Дніпропетровська",0,61
"36154597","37421526",5079,6631,4136214,909780,5045994,5,5,10,17,17,46956,"ТОВАРИСТВО З ОБМЕЖЕНОЮ ВІДПОВІДАЛЬНІСТЮ ""ПРОДОВОЛЬЧА КОМПАНІЯ ""АВАЛОН""",51500,"ПРИВАТНЕ ПІДПРИЄМСТВО ""ОПТМАРКЕТ""",17,"Комунальна установа ""Одеський зоологічний парк загальнодержавного значення""",17,"ДЗ ""Спеціалізований (спеціальний) Санаторій ""Аркадія"" МОЗ України""","Одеська","Одеська","Одеська","Одеська",0,62
"05451090","21326705",258,1635,7282522,2550319,9832841,3,3,6,26,24,4356,"ЧЕРНІВЕЦЬКЕ МІСЬКЕ КОМУНАЛЬНЕ ПІДПРИЄМСТВО ""МІСЬКСВІТЛО""",11728,"СПЕЦІАЛІЗОВАНЕ КОМУНАЛЬНЕ ПІДПРИЄМСТВО ""МІСЬКЛІФТ-СВІТЛО""",26,"Виконавчий комітет Чернівецької міської ради",24,"Департамент житлово-комунального господарства Кам’янець-Подільської міської ради Хмельницької області","Чернівецька","Хмельницька","Чернівецька","Хмельницька",1,63
"1908100829","22647877",66013,7417,125433,384110,509543,5,3,8,NA,22,8338,"ФО-підприємець Железнякова Н.К.",14429,"ТОВАРИСТВО З ОБМЕЖЕНОЮ ВІДПОВІДАЛЬНІСТЮ ФІРМА ""ХАЗАР"" ЛТД",22,"Комунальна установа Панютинський психоневрологічний інтернат",22,"Комунальна установа Червонооскільський психоневрологічний інтернат Департаменту соцзахисту населення Харківської облдержадміністрації",NA,"Харківська","Харківська","Харківська",NA,64
"13441711","32298653",8261,2795,5083415,1634564,6717979,7,6,13,6,6,5723,"ТОВАРИСТВО З ОБМЕЖЕНОЮ ВІДПОВІДАЛЬНІСТЮ НАУКОВО-ВИРОБНИЧЕ ОБ'ЄДНАННЯ ""ПРОМСЕРВІС""",33794,"ТОВАРИСТВО З ОБМЕЖЕНОЮ ВІДПОВІДАЛЬНІСТЮ ""ОПТІТРЕЙД""",6,"Відділ освіти Бабушкінської районної у м.Дніпропетровську ради",6,"Управління освіти та науки Дніпропетровської міської ради ","Дніпропетровська","Дніпропетровська","Дніпропетровська","Дніпропетровська",0,65
"20322326","37514987",784,1484,7235238,17629864,24865102,3,3,6,6,1,9935,"ТОВАРИСТВО З ОБМЕЖЕНОЮ ВІДПОВІДАЛЬНІСТЮ ""ФРА-М""",51806,"ТОВАРИСТВО З ОБМЕЖЕНОЮ ВІДПОВІДАЛЬНІСТЮ ""КОМПАНІЯ ""УКРОПТПОСТАЧ""",1,"Міністерство охорони здоров'я України",1,"Національний інститут раку","Дніпропетровська","Київ","Київ","Київ",0,66
"05511001","32262779",3370,1801,2217050,1082500,3299550,3,3,6,15,15,4538,"ПУБЛІЧНЕ АКЦІОНЕРНЕ ТОВАРИСТВО ""КОНЦЕРН ХЛІБПРОМ""",33632,"ТОВАРИСТВО З ОБМЕЖЕНОЮ ВІДПОВІДАЛЬНІСТЮ ФІРМА - ""ЮРГ ГАЛИЧИНА""",15,"Львівська обласна клінічна лікарня",15,"Комунальна установа Львівської облради ""Львівський регіональний фтизіопульмонологічний клінічний лікувально-діагностичний центр""","Львівська","Львівська","Львівська","Львівська",0,67
"00445920","21505980",1776,1295,1317840,4485130,5802970,3,4,7,12,1,884,"ТОВАРИСТВО З ОБМЕЖЕНОЮ ВІДПОВІДАЛЬНІСТЮ ""ПЕРЕЯСЛАВ-МОЛПРОДУКТ""",12076,"ТОВАРИСТВО З ОБМЕЖЕНОЮ ВІДПОВІДАЛЬНІСТЮ ""ФІРМА ""ФАВОР""",12,"Управління освіти і науки Ірпінської міської ради Київської області",1,"Управління освіти Голосіївської районної в місті Києві державної адміністрації","Київська","Київ","Київська","Київ",1,68
"00445920","21505980",1776,6639,1317840,1002840,2320680,3,3,6,12,1,884,"ТОВАРИСТВО З ОБМЕЖЕНОЮ ВІДПОВІДАЛЬНІСТЮ ""ПЕРЕЯСЛАВ-МОЛПРОДУКТ""",12076,"ТОВАРИСТВО З ОБМЕЖЕНОЮ ВІДПОВІДАЛЬНІСТЮ ""ФІРМА ""ФАВОР""",12,"Управління освіти і науки Ірпінської міської ради Київської області",1,"Центральний госпіталь МВС України","Київська","Київ","Київська","Київ",1,69
"00445920","21505980",7420,1295,3613196,4485130,8098326,9,4,13,12,1,884,"ТОВАРИСТВО З ОБМЕЖЕНОЮ ВІДПОВІДАЛЬНІСТЮ ""ПЕРЕЯСЛАВ-МОЛПРОДУКТ""",12076,"ТОВАРИСТВО З ОБМЕЖЕНОЮ ВІДПОВІДАЛЬНІСТЮ ""ФІРМА ""ФАВОР""",12,"Український державний медико-соціальний центр ветеранів війни",1,"Управління освіти Голосіївської районної в місті Києві державної адміністрації","Київська","Київ","Київська","Київ",1,70
"00445920","21505980",7420,6639,3613196,1002840,4616036,9,3,12,12,1,884,"ТОВАРИСТВО З ОБМЕЖЕНОЮ ВІДПОВІДАЛЬНІСТЮ ""ПЕРЕЯСЛАВ-МОЛПРОДУКТ""",12076,"ТОВАРИСТВО З ОБМЕЖЕНОЮ ВІДПОВІДАЛЬНІСТЮ ""ФІРМА ""ФАВОР""",12,"Український державний медико-соціальний центр ветеранів війни",1,"Центральний госпіталь МВС України","Київська","Київ","Київська","Київ",1,71
"00445920","21505980",1776,8250,1317840,3721171,5039011,3,6,9,12,1,884,"ТОВАРИСТВО З ОБМЕЖЕНОЮ ВІДПОВІДАЛЬНІСТЮ ""ПЕРЕЯСЛАВ-МОЛПРОДУКТ""",12076,"ТОВАРИСТВО З ОБМЕЖЕНОЮ ВІДПОВІДАЛЬНІСТЮ ""ФІРМА ""ФАВОР""",12,"Управління освіти і науки Ірпінської міської ради Київської області",1,"Святошинський психоневрологічний інтернат","Київська","Київ","Київська","Київ",1,72
"00445920","21505980",7420,8250,3613196,3721171,7334367,9,6,15,12,1,884,"ТОВАРИСТВО З ОБМЕЖЕНОЮ ВІДПОВІДАЛЬНІСТЮ ""ПЕРЕЯСЛАВ-МОЛПРОДУКТ""",12076,"ТОВАРИСТВО З ОБМЕЖЕНОЮ ВІДПОВІДАЛЬНІСТЮ ""ФІРМА ""ФАВОР""",12,"Український державний медико-соціальний центр ветеранів війни",1,"Святошинський психоневрологічний інтернат","Київська","Київ","Київська","Київ",1,73
"00445920","21505980",12209,1295,1137700,4485130,5622830,4,4,8,12,1,884,"ТОВАРИСТВО З ОБМЕЖЕНОЮ ВІДПОВІДАЛЬНІСТЮ ""ПЕРЕЯСЛАВ-МОЛПРОДУКТ""",12076,"ТОВАРИСТВО З ОБМЕЖЕНОЮ ВІДПОВІДАЛЬНІСТЮ ""ФІРМА ""ФАВОР""",12,"Відділ освіти Переяслав-Хмельницької міськради Київської області",1,"Управління освіти Голосіївської районної в місті Києві державної адміністрації","Київська","Київ","Київська","Київ",1,74
"00445920","21505980",12209,6639,1137700,1002840,2140540,4,3,7,12,1,884,"ТОВАРИСТВО З ОБМЕЖЕНОЮ ВІДПОВІДАЛЬНІСТЮ ""ПЕРЕЯСЛАВ-МОЛПРОДУКТ""",12076,"ТОВАРИСТВО З ОБМЕЖЕНОЮ ВІДПОВІДАЛЬНІСТЮ ""ФІРМА ""ФАВОР""",12,"Відділ освіти Переяслав-Хмельницької міськради Київської області",1,"Центральний госпіталь МВС України","Київська","Київ","Київська","Київ",1,75
"00445920","21505980",12209,8250,1137700,3721171,4858871,4,6,10,12,1,884,"ТОВАРИСТВО З ОБМЕЖЕНОЮ ВІДПОВІДАЛЬНІСТЮ ""ПЕРЕЯСЛАВ-МОЛПРОДУКТ""",12076,"ТОВАРИСТВО З ОБМЕЖЕНОЮ ВІДПОВІДАЛЬНІСТЮ ""ФІРМА ""ФАВОР""",12,"Відділ освіти Переяслав-Хмельницької міськради Київської області",1,"Святошинський психоневрологічний інтернат","Київська","Київ","Київська","Київ",1,76
"00445920","21505980",67508,6639,597240,1002840,1600080,3,3,6,12,1,884,"ТОВАРИСТВО З ОБМЕЖЕНОЮ ВІДПОВІДАЛЬНІСТЮ ""ПЕРЕЯСЛАВ-МОЛПРОДУКТ""",12076,"ТОВАРИСТВО З ОБМЕЖЕНОЮ ВІДПОВІДАЛЬНІСТЮ ""ФІРМА ""ФАВОР""",12,"Переяслав-Хмельницький центр соцзахисту пенсіонерів та інвалідів Головного управління праці та соцзахисту населення Київської облдержадміністрації",1,"Центральний госпіталь МВС України","Київська","Київ","Київська","Київ",1,77
"03341598","03345076",708,217314,35451301,23861593,59312894,6,4,10,6,10,3109,"КОМУНАЛЬНЕ ПІДПРИЄМСТВО ""МІСЬКСВІТЛО"" ДНІПРОПЕТРОВСЬКОЇ МІСЬКОЇ РАДИ",3161,"КОМУНАЛЬНЕ ПІДПРИЄМСТВО ЕЛЕКТРОМЕРЕЖ ЗОВНІШНЬОГО ОСВІТЛЕННЯ ""ЗАПОРІЖМІСЬКСВІТЛО""",6,"Департамент комунального господарства та капітального будівництва Дніпропетровської міськради ",10,"Департамент житлово-комунального господарства Запорізької міськради","Дніпропетровська","Запорізька","Дніпропетровська","Запорізька",1,78
"30586931","32088992",103867,116238,1618067,2315770,3933837,3,3,6,17,17,27357,"ТОВАРИСТВО З ОБМЕЖЕНОЮ ВІДПОВІДАЛЬНІСТЮ ""СОЮЗ""",32978,"ТОВАРИСТВО З ОБМЕЖЕНОЮ ВІДПОВІДАЛЬНІСТЮ ""ЕКО - РЕНЕСАНС""",17,"Відділ освіти Малиновської районної адміністрації м.Одеси",17,"Відділ освіти Суворовської районної адміністрації Одеської міської ради","Одеська","Одеська","Одеська","Одеська",0,79
"30586931","32088992",116240,116238,1823354,2315770,4139124,3,3,6,17,17,27357,"ТОВАРИСТВО З ОБМЕЖЕНОЮ ВІДПОВІДАЛЬНІСТЮ ""СОЮЗ""",32978,"ТОВАРИСТВО З ОБМЕЖЕНОЮ ВІДПОВІДАЛЬНІСТЮ ""ЕКО - РЕНЕСАНС""",17,"Відділ освіти Київської райадміністрації Одеської міськради",17,"Відділ освіти Суворовської районної адміністрації Одеської міської ради","Одеська","Одеська","Одеська","Одеська",0,80
"21620913","34200887",856,155,2192166,2876188,5068354,5,10,15,1,13,12357,"ТОВАРИСТВО З ОБМЕЖЕНОЮ ВІДПОВІДАЛЬНІСТЮ ""ГРАНАТ""",40599,"ТОВАРИСТВО З ОБМЕЖЕНОЮ ВІДПОВІДАЛЬНІСТЮ ""РУОЛ СТАНДАРТ""",1,"Управління освіти Святошинської районної в місті Києві державної адміністрації",1,"Клінічна лікарня ""Феофанія"" Державного управління справами","Київ","Кіровоградська","Київ","Київ",0,81
"21620913","34200887",4795,155,908225,2876188,3784413,3,10,13,1,13,12357,"ТОВАРИСТВО З ОБМЕЖЕНОЮ ВІДПОВІДАЛЬНІСТЮ ""ГРАНАТ""",40599,"ТОВАРИСТВО З ОБМЕЖЕНОЮ ВІДПОВІДАЛЬНІСТЮ ""РУОЛ СТАНДАРТ""",1,"Управління освіти Печерської районної в місті Києві державної адміністрації",1,"Клінічна лікарня ""Феофанія"" Державного управління справами","Київ","Кіровоградська","Київ","Київ",0,82
"37911543","38414525",233465,982,879335,1427770,2307105,5,3,8,14,14,52874,"ПРИВАТНЕ ПІДПРИЄМСТВО ""ШЕМЕТ""",53854,"ПРИВАТНЕ ПІДПРИЄМСТВО ""УКРПРОДТОРГ-2012""",14,"Санаторій-профілакторій ""Сосновий"" ДП ""Донецька залізниця"" ",7,"Жданівська виправна колонія №3 Управління Державної пенітенціарної служби України в Донецькій області","Луганська","Луганська","Луганська","Донецька",0,83
"31042627","32634817",10496,10178,1466238,1708050,3174288,4,3,7,23,2,28941,"ТОВАРИСТВО З ОБМЕЖЕНОЮ ВІДПОВІДАЛЬНІСТЮ ""ЛІТЛТОН ЛТД""",35291,"ТОВАРИСТВО З ОБМЕЖЕНОЮ ВІДПОВІДАЛЬНІСТЮ ""ТУРИСТИЧНА КОМПАНІЯ ""КРИМКУРОРТСЕРВІС""",3,"ДЗ ""ДИТЯЧИЙ СПЕЦІАЛІЗОВАНИЙ (СПЕЦІАЛЬНИЙ) 
САНАТОРІЙ імені САККО І ВАНЦЕТТІ”
МОЗ УКРАЇНИ",3,"ДЗ ""Дитячий спеціалізований (спеціальний) клінічний санаторій ім.Н.К. Крупської"" МОЗ України","Херсонська","Севастополь","Крим","Крим",0,84
"2355507568","36607970",6169,3312,550968,961400,1512368,6,6,12,NA,6,16211,"ФО-підприємець Неміч О.В.",48644,"ПРИВАТНЕ ПІДПРИЄМСТВО ""ТРАНСАГРО-ЗБУТ""",6,"Відділ освіти виконкому Центрально-Міської районної у місті ради (м.Кривий Ріг Дніпропетровської області)",6,"Відділ освіти виконкому Саксаганської районної у місті ради (м.Кривий Ріг Дніпропетровської області)",NA,"Дніпропетровська","Дніпропетровська","Дніпропетровська",NA,85
"37276566","38911444",1013,8407,2398350,1688700,4087050,5,4,9,6,6,51019,"ТОВАРИСТВО З ОБМЕЖЕНОЮ ВІДПОВІДАЛЬНІСТЮ ""ГАРАНТ-2010""",54484,"ТОВАРИСТВО З ОБМЕЖЕНОЮ ВІДПОВІДАЛЬНІСТЮ ""АГОРА-Н""",6,"Відділ освіти Красногвардійської районної у місті Дніпропетровську ради ",6,"Відділ освіти Ленінської районної у місті Дніпропетровську ради","Дніпропетровська","Дніпропетровська","Дніпропетровська","Дніпропетровська",0,86
"24434499","38911444",1013,5749,1137638,1333769,2471407,3,3,6,6,6,18024,"ПРИВАТНЕ ПІДПРИЄМСТВО ""ЛЕСЯ""",54484,"ТОВАРИСТВО З ОБМЕЖЕНОЮ ВІДПОВІДАЛЬНІСТЮ ""АГОРА-Н""",6,"Відділ освіти Красногвардійської районної у місті Дніпропетровську ради ",6,"Відділ освіти Жовтневої районної у м.Дніпропетровську ради","Дніпропетровська","Дніпропетровська","Дніпропетровська","Дніпропетровська",0,87
